{"RuleTriggered": 28, "Violations": 28, "Details": {"algo-1": {"cpu": {"p25": 38.32750000000001, "p50": 39.379999999999995, "p75": 41.439375, "p95": 74.747875, "upper": 46.10718749999998, "lower": 33.65968750000002}, "gpu0": {"p25": 28.0, "p50": 28.0, "p75": 38.0, "p95": 48.0, "upper": 53.0, "lower": 13.0}, "gpu0_memory": {"p25": 20.0, "p50": 21.0, "p75": 28.0, "p95": 36.0, "upper": 28.0, "lower": 20.0}}, "last_timestamp": 1681165920000000, "algo-2": {"cpu": {"p25": 38.11749999999999, "p50": 39.2675, "p75": 41.68625, "p95": 74.473, "upper": 47.039375000000014, "lower": 32.76437499999998}, "gpu0": {"p25": 28.0, "p50": 29.0, "p75": 39.25, "p95": 50.0, "upper": 56.125, "lower": 11.125}, "gpu0_memory": {"p25": 20.0, "p50": 21.0, "p75": 28.0, "p95": 37.0, "upper": 28.0, "lower": 20.0}}}, "Datapoints": 2659, "RuleParameters": "cpu_threshold_p95:70\ngpu_threshold_p95:70\ngpu_memory_threshold_p95:70\npatience:1000\nwindow:500"}