{"RuleTriggered": 1, "Violations": 19, "Details": {"pin_memory": false, "num_workers": 0, "cores": 4, "dataloaders": 2, "dataloading_time": {"p25": 0.093944, "p50": 0.104068, "p95": 0.129339, "probs": [16, 6, 0, 0, 0, 0, 0, 0, 0, 0, 0, 0, 0, 0, 0, 0, 0, 11, 19, 45, 50, 61, 107, 153, 209, 258, 284, 361, 439, 523, 613, 667, 780, 844, 846, 900, 845, 786, 776, 697, 567, 498, 383, 312, 255, 190, 146, 115, 64, 57, 47, 23, 21, 12, 7, 10, 8, 2, 5, 3, 2, 4, 1, 1, 4, 1, 1, 1, 2, 1, 0, 0, 0, 1, 0, 0, 0, 0, 0, 0, 0, 0, 0, 0, 0, 0, 0, 0, 0, 0, 0, 0, 0, 0, 0, 0, 0, 0, 0, 1], "binedges": [0.016137, 0.018631309999999998, 0.021125619999999998, 0.023619929999999997, 0.026114239999999997, 0.028608549999999996, 0.03110286, 0.033597169999999996, 0.036091479999999995, 0.038585789999999995, 0.041080099999999994, 0.043574409999999994, 0.04606872, 0.04856303, 0.05105734, 0.05355165, 0.05604596, 0.05854027, 0.06103458, 0.06352889, 0.0660232, 0.06851751, 0.07101182, 0.07350613, 0.07600044, 0.07849475, 0.08098906, 0.08348337, 0.08597768, 0.08847199, 0.0909663, 0.09346061, 0.09595492, 0.09844923, 0.10094354, 0.10343785, 0.10593216, 0.10842647, 0.11092078, 0.11341509, 0.1159094, 0.11840371, 0.12089802, 0.12339233, 0.12588664, 0.12838095, 0.13087526, 0.13336957, 0.13586388, 0.13835819, 0.1408525, 0.14334681, 0.14584112, 0.14833543, 0.15082974, 0.15332405, 0.15581836, 0.15831267, 0.16080698, 0.16330129, 0.1657956, 0.16828991, 0.17078422, 0.17327853, 0.17577283999999999, 0.17826714999999999, 0.18076145999999998, 0.18325576999999998, 0.18575007999999998, 0.18824438999999998, 0.19073869999999998, 0.19323300999999998, 0.19572731999999998, 0.19822162999999998, 0.20071593999999998, 0.20321024999999998, 0.20570455999999998, 0.20819886999999998, 0.21069317999999998, 0.21318748999999998, 0.21568179999999998, 0.21817610999999998, 0.22067041999999998, 0.22316472999999998, 0.22565903999999998, 0.22815334999999998, 0.23064765999999998, 0.23314196999999998, 0.23563627999999998, 0.23813058999999998, 0.24062489999999997, 0.24311920999999997, 0.24561351999999997, 0.24810782999999997, 0.25060214, 0.25309645, 0.25559076000000003, 0.25808507, 0.26057938, 0.26307369, 0.265568]}}, "Datapoints": 13041, "RuleParameters": "min_threshold:70\nmax_threshold:200"}