{"RuleTriggered": 0, "Violations": 18, "Details": {"low_gpu_utilization": 1105, "bottlenecks": {"1681165978.502539": {"GPUs": 1, "CPUs": 1}, "1681166018.502198": {"GPUs": 1, "CPUs": 1}, "1681166142.002224": {"GPUs": 1, "CPUs": 1}, "1681166155.002197": {"GPUs": 1, "CPUs": 1}, "1681166157.0022": {"GPUs": 1, "CPUs": 1}, "1681166159.002208": {"GPUs": 1, "CPUs": 1}, "1681166159.502192": {"GPUs": 1, "CPUs": 1}, "1681166154.500253": {"GPUs": 1, "CPUs": 1}, "1681166156.500272": {"GPUs": 1, "CPUs": 1}, "1681166157.000248": {"GPUs": 1, "CPUs": 1}, "1681166157.500248": {"GPUs": 1, "CPUs": 1}, "1681166160.002206": {"GPUs": 1, "CPUs": 1}, "1681166160.502197": {"GPUs": 1, "CPUs": 1}, "1681166163.502207": {"GPUs": 1, "CPUs": 1}, "1681166160.000268": {"GPUs": 1, "CPUs": 1}, "1681166161.000239": {"GPUs": 1, "CPUs": 1}, "1681166163.000248": {"GPUs": 1, "CPUs": 1}, "1681166163.500276": {"GPUs": 1, "CPUs": 1}}}, "Datapoints": 5337, "RuleParameters": "threshold:50\nio_threshold:50\ngpu_threshold:10\npatience:1000"}