{"RuleTriggered": 14, "Violations": 14, "Details": {"algo-1": {"cpu": {"p25": 39.54, "p50": 41.06125, "p75": 53.19499999999999, "p95": 76.699125, "upper": 73.67749999999998, "lower": 19.057500000000008}, "gpu0": {"p25": 0.0, "p50": 31.0, "p75": 44.0, "p95": 55.0, "upper": 56.0, "lower": 0.0}, "gpu0_memory": {"p25": 0.0, "p50": 22.0, "p75": 33.0, "p95": 41.0, "upper": 42.0, "lower": 0.0}}, "last_timestamp": 1681161660000000, "algo-2": {"cpu": {"p25": 39.619375, "p50": 41.208749999999995, "p75": 53.72, "p95": 80.23212499999998, "upper": 74.8709375, "lower": 18.468437499999997}, "gpu0": {"p25": 0.0, "p50": 31.0, "p75": 45.0, "p95": 55.0, "upper": 56.0, "lower": 0.0}, "gpu0_memory": {"p25": 0.0, "p50": 22.0, "p75": 33.0, "p95": 40.0, "upper": 41.0, "lower": 0.0}}}, "Datapoints": 1750, "RuleParameters": "cpu_threshold_p95:70\ngpu_threshold_p95:70\ngpu_memory_threshold_p95:70\npatience:1000\nwindow:500"}