{"RuleTriggered": 1, "Violations": 11, "Details": {"pin_memory": false, "num_workers": 0, "cores": 4, "dataloaders": 1, "dataloading_time": {"p25": 0.073428, "p50": 0.078887, "p95": 0.09545139999999998, "probs": [13, 1, 0, 0, 1, 0, 0, 0, 0, 0, 0, 0, 0, 0, 3, 15, 58, 211, 441, 713, 945, 1052, 1046, 898, 836, 687, 526, 340, 223, 129, 80, 54, 31, 13, 9, 10, 14, 11, 2, 4, 2, 0, 0, 2, 1, 0, 0, 0, 0, 1, 0, 0, 0, 0, 0, 0, 0, 0, 0, 0, 0, 0, 0, 0, 0, 0, 0, 0, 0, 0, 0, 0, 0, 0, 0, 0, 0, 0, 0, 0, 0, 0, 0, 0, 0, 0, 0, 0, 0, 0, 0, 0, 0, 0, 0, 0, 0, 0, 0, 1], "binedges": [0.016458, 0.019209280000000002, 0.02196056, 0.024711840000000002, 0.02746312, 0.030214400000000002, 0.032965680000000004, 0.035716960000000006, 0.03846824, 0.04121952000000001, 0.043970800000000004, 0.046722080000000006, 0.04947336000000001, 0.05222464000000001, 0.054975920000000005, 0.057727200000000006, 0.06047848000000001, 0.06322976000000001, 0.06598104000000002, 0.06873232000000001, 0.07148360000000001, 0.07423488, 0.07698616000000001, 0.07973744, 0.08248872000000002, 0.08524000000000001, 0.08799128000000002, 0.09074256000000001, 0.09349384000000001, 0.09624512000000002, 0.09899640000000001, 0.10174768000000002, 0.10449896000000002, 0.10725024000000001, 0.11000152000000002, 0.11275280000000001, 0.11550408000000002, 0.11825536000000002, 0.12100664000000001, 0.12375792000000002, 0.12650920000000002, 0.12926048, 0.13201176000000003, 0.13476304, 0.13751432000000002, 0.14026560000000002, 0.14301688, 0.14576816000000004, 0.14851944000000003, 0.15127072000000003, 0.15402200000000002, 0.15677328000000001, 0.15952456000000004, 0.16227584000000003, 0.16502712000000003, 0.16777840000000002, 0.17052968000000002, 0.17328096000000004, 0.17603224000000003, 0.17878352000000003, 0.18153480000000002, 0.18428608000000002, 0.18703736000000004, 0.18978864000000004, 0.19253992000000003, 0.19529120000000003, 0.19804248000000002, 0.20079376000000004, 0.20354504000000004, 0.20629632000000003, 0.20904760000000003, 0.21179888000000002, 0.21455016000000005, 0.21730144000000004, 0.22005272000000003, 0.22280400000000003, 0.22555528000000002, 0.22830656000000005, 0.23105784000000004, 0.23380912000000004, 0.23656040000000003, 0.23931168000000003, 0.24206296000000005, 0.24481424000000004, 0.24756552000000004, 0.2503168, 0.25306808000000003, 0.25581936000000005, 0.2585706400000001, 0.26132192000000004, 0.2640732, 0.26682448000000003, 0.26957576000000005, 0.2723270400000001, 0.2750783200000001, 0.2778296, 0.28058088000000003, 0.28333216000000006, 0.2860834400000001, 0.2888347200000001, 0.291586]}}, "Datapoints": 8373, "RuleParameters": "min_threshold:70\nmax_threshold:200"}