{"RuleTriggered": 0, "Violations": 10, "Details": {"low_gpu_utilization": 1240, "bottlenecks": {"1681161733.500243": {"GPUs": 1, "CPUs": 1}, "1681161734.500247": {"GPUs": 1, "CPUs": 1}, "1681161808.00034": {"GPUs": 1, "CPUs": 1}, "1681161873.000234": {"GPUs": 1, "CPUs": 1}, "1681161874.00023": {"GPUs": 1, "CPUs": 1}, "1681161878.500251": {"GPUs": 1, "CPUs": 1}, "1681161880.500233": {"GPUs": 1, "CPUs": 1}, "1681161881.50023": {"GPUs": 1, "CPUs": 1}, "1681161882.000251": {"GPUs": 1, "CPUs": 1}, "1681161878.000332": {"GPUs": 1, "CPUs": 1}}}, "Datapoints": 3514, "RuleParameters": "threshold:50\nio_threshold:50\ngpu_threshold:10\npatience:1000"}